CREATE TABLE IF NOT EXISTS users (
	user_id  INTEGER	 	 	 	 NOT NULL AUTO_INCREMENT,
	password 	VARCHAR(50)	 NOT NULL,
	first_name		 	 VARCHAR(50)	 NOT NULL,
	middle_name	 	 VARCHAR(50)	 NOT NULL,
	last_name		 	 VARCHAR(50)	 NOT NULL,
	age  INTEGER	 	 	 	 NOT NULL,
	gender	 	 	 CHAR(1)	 	 NOT NULL,
	email	 	 	 VARCHAR(256)	 NOT NULL,
	phone_primary	 	 CHAR(15)	 NOT NULL,
	CONSTRAINT valid_gender	 CHECK (gender = 'M' OR gender = 'F'),
	PRIMARY KEY (user_id)
);

CREATE TABLE IF NOT EXISTS countries (
	 country_code	 	 CHAR(2)	 	 NOT NULL UNIQUE,
	 name		 	 	 VARCHAR(40)	 NOT NULL,
	 PRIMARY KEY(country_code)
);

CREATE TABLE IF NOT EXISTS airports (
	 iata_code		 CHAR(3)	 	 NOT NULL UNIQUE,
	 airport_name	 	 VARCHAR(40)	 NOT NULL,
	 city_name  		VARCHAR(40)	 NOT NULL,
	 country_code	 	 CHAR(2)	 	 NOT NULL,
	 PRIMARY KEY (iata_code),
	 FOREIGN KEY(country_code) REFERENCES countries(country_code)
);

CREATE TABLE IF NOT EXISTS air_class (
	class_id 	INTEGER	 	 	 	 NOT NULL,
	class_name  VARCHAR(50)	 NOT NULL,
	PRIMARY KEY (class_id)
	);

CREATE TABLE IF NOT EXISTS aircraft (
	aircraft_id INTEGER	 	 NOT NULL,
	aircraft_name VARCHAR(50)	 NOT NULL,
	PRIMARY KEY (aircraft_id)
	);
	
CREATE TABLE IF NOT EXISTS route_statuses (
	status_id 	INTEGER	 NOT NULL,
    status_name VARCHAR(50)	 NOT NULL,
    primary key(status_id)
);

CREATE TABLE IF NOT EXISTS routes (
	 route_id	 	 	 	 INTEGER	 	 NOT NULL,
	 origin_airport		 	 CHAR(3)	 	 NOT NULL,
	 destination_airport		 CHAR(3)	 	 NOT NULL,
	 aircraft_id	 	 	 INTEGER	 	 NOT NULL,
	 distance_miles		 	 SMALLINT	 	 NOT NULL CHECK (distance_miles > 0),
	 CONSTRAINT diff_orig_dest_airport CHECK(origin_airport != destination_airport),
	 PRIMARY KEY (route_id),
	 FOREIGN KEY (origin_airport)	 	 REFERENCES airports(iata_code),
	 FOREIGN KEY (destination_airport) 	REFERENCES airports(iata_code),
	 FOREIGN KEY (aircraft_id) 	REFERENCES aircraft(aircraft_id)
);

CREATE TABLE IF NOT EXISTS flights (
	 flight_id			INTEGER	 	NOT NULL,
	 route_id	 	 	INTEGER	 	NOT NULL,
	 depart_timestamp	DATETIME 	NOT NULL,
	 arrive_timestamp	DATETIME 	NOT NULL,
	 bus_cls_tot 		INTEGER	 	 	 	 NOT NULL,
	 bus_cls_avlb		INTEGER	 	 	 	 NOT NULL,
	 bus_cls_fare		INTEGER	 	 	 	 NOT NULL,
	 eco_cls_tot		INTEGER	 	 	 	 NOT NULL,
	 eco_cls_avlb 		INTEGER	 	 	 	 NOT NULL,
	 eco_cls_fare		INTEGER	 	 	 	 NOT NULL,
	 prem_eco_tot		INTEGER	 	 	 	 NOT NULL,
	 prem_eco_avlb		INTEGER	 	 	 	 NOT NULL,
	 prem_eco_fare		INTEGER	 	 	 	 NOT NULL,
	 status_id		 	INTEGER	 	 	 	 NOT NULL,
	 PRIMARY KEY (flight_id),
	 FOREIGN KEY (route_id)	 	 REFERENCES routes(route_id),
	 FOREIGN KEY (status_id)	 	 REFERENCES route_statuses(status_id)
);
	
CREATE TABLE IF NOT EXISTS booking (
	booking_id  INTEGER	 	 	 	 NOT NULL AUTO_INCREMENT,
	user_id 	INTEGER	 	 	 	 NOT NULL,
	origin_airport		 	 CHAR(3)	 	 NOT NULL,
	destination_airport		 CHAR(3)	 	 NOT NULL,
	journey_date 	Date 	,
	return_journey_date Date ,
	class_id INTEGER	 	 	 	 NOT NULL,
	return_flag   INTEGER	 	 	 	 NOT NULL,
	No_of_tickets INTEGER	 	 	 	 NOT NULL,
	total_price   INTEGER	 	 	 	 NOT NULL,
	PRIMARY KEY (booking_id),
	FOREIGN KEY (user_id)	 	 REFERENCES users(user_id),
	FOREIGN KEY (class_id)	 	 REFERENCES air_class(class_id)
	);

CREATE TABLE IF NOT EXISTS ticket (
	ticket_id	INTEGER	 	 	 	 NOT NULL AUTO_INCREMENT,
	booking_id 	INTEGER	 	 	 	 NOT NULL,
	flight_id	INTEGER	 	 	 	 NOT NULL,
	class_id 	INTEGER	 	 	 	 NOT NULL,
	first_name		 	 VARCHAR(50)	 NOT NULL,
	middle_name	 	 VARCHAR(50)	 NOT NULL,
	last_name		 	 VARCHAR(50)	 NOT NULL,
	age 	INTEGER	 	 	 	 NOT NULL,
	gender	 	 	 CHAR(1)	 	 NOT NULL,
	email	 	 	 VARCHAR(256)	 NOT NULL,
	phone_primary	 	 CHAR(15)	 NOT NULL,
	CONSTRAINT valid_gender	 CHECK (gender = 'M' OR gender = 'F'),
	PRIMARY KEY (ticket_id),
	FOREIGN KEY (flight_id)	 	 REFERENCES flights(flight_id),
	FOREIGN KEY (class_id)	 	 REFERENCES air_class(class_id),
	FOREIGN KEY (booking_id)	 	 REFERENCES booking(booking_id)
);


CREATE TABLE IF NOT EXISTS seats (
	flight_id	INTEGER	 	NOT NULL,
	class_id 	INTEGER	 	 NOT NULL,
	seat_number VARCHAR(50)	 NOT NULL,
	seat_status INTEGER	 	 NOT NULL,
	ticket_id   INTEGER,
	FOREIGN KEY (flight_id) 	REFERENCES flights(flight_id),
	FOREIGN KEY (class_id)	 	 REFERENCES air_class(class_id)
	);

select * from flights where DATE(depart_timestamp) = "2016-12-15";


insert into countries values('US','United States of America');
insert into countries values('IN','India');
insert into countries values('UA','United Arab Emirates');
insert into countries values('UK','United Kingdom');

insert into airports values('JFK','John kennedy Airport','New York','US');
insert into airports values('BWI','Baltimore Washington Airport','Baltimore','US');
insert into airports values('IAD','Dulles International Airport','Washington','US');
insert into airports values('LHR','Heathrow Airport','London','UK');
insert into airports values('DIA','Dubai International Airport','Dubai','UA');
insert into airports values('BOM','Chattrapati Shivaji Airport','Mumbai','IN');

insert into air_class values(1,'Business Class');
insert into air_class values(2,'Economy Class');
insert into air_class values(3,'Premium Economy Class');


Insert into aircraft values(200000,'British Airways');
Insert into aircraft values(200001,'American Airlines');
Insert into aircraft values(200002,'Lufthansa Airlines');
Insert into aircraft values(200003,'Emirates Airlines');
Insert into aircraft values(200004,'Air India');
Insert into aircraft values(200005,'Kingfisher Airlines');

insert into route_statuses values(1,'On Time');
insert into route_statuses values(2,'Delayed');
insert into route_statuses values(3,'Cancelled');

insert into routes values(100000,'BWI','LHR',200000,1200);
insert into routes values(100001,'IAD','LHR',200001,1100);
insert into routes values(100002,'JFK','LHR',200002,1150);
insert into routes values(100003,'BWI','DIA',200003,2200);
insert into routes values(100004,'IAD','DIA',200004,2100);
insert into routes values(100005,'JFK','DIA',200005,2150);
insert into routes values(100006,'LHR','BOM',200001,1200);
insert into routes values(100007,'DIA','BOM',200002,700);
insert into routes values(100008,'BOM','LHR',200003,1200);
insert into routes values(100009,'BOM','DIA',200004,700);
insert into routes values(100010,'LHR','BWI',200005,1200);
insert into routes values(100011,'LHR','IAD',200001,1100);
insert into routes values(100012,'LHR','JFK',200002,1150);
insert into routes values(100013,'DIA','BWI',200003,2200);
insert into routes values(100014,'DIA','IAD',200004,2100);
insert into routes values(100015,'DIA','JFK',200005,1150);
insert into routes values(100016,'BWI','BOM',200005,1150);

insert into flights values(50000,100000,'2016-12-25 18:25:00','2016-12-26 02:00:00',18,20,3,18,20,1,18,20,2,1);
insert into flights values(50001,100001,'2016-12-25 19:00:00','2016-12-26 02:30:00',18,20,3,18,20,1,18,20,2,1);
insert into flights values(50002,100002,'2016-12-25 17:00:00','2016-12-26 01:00:00',18,20,3,18,20,1,18,20,2,1);
insert into flights values(50003,100003,'2016-12-25 14:25:00','2016-12-26 04:00:00',18,20,3,18,20,1,18,20,2,1);
insert into flights values(50004,100004,'2016-12-25 06:00:00','2016-12-25 22:00:00',18,20,3,18,20,1,18,20,2,1);
insert into flights values(50005,100005,'2016-12-25 07:00:00','2016-12-25 23:00:00',18,20,3,18,20,1,18,20,2,1);
insert into flights values(50006,100006,'2016-12-26 05:00:00','2016-12-26 11:30:00',18,20,3,18,20,1,18,20,2,1);
insert into flights values(50007,100007,'2016-12-26 01:00:00','2016-12-26 05:00:00',18,20,3,18,20,1,18,20,2,1);
insert into flights values(50008,100008,'2016-12-29 18:25:00','2016-12-30 02:00:00',18,20,3,18,20,1,18,20,2,1);
insert into flights values(50009,100009,'2016-12-29 19:00:00','2016-12-30 02:30:00',18,20,3,18,20,1,18,20,2,1);
insert into flights values(500010,100010,'2016-12-30 17:00:00','2016-12-31 01:00:00',18,20,3,18,20,1,18,20,2,1);
insert into flights values(500011,100011,'2016-12-29 14:25:00','2016-12-30 04:00:00',18,20,3,18,20,1,18,20,2,1);
insert into flights values(500012,100012,'2016-12-29 06:00:00','2016-12-29 22:00:00',18,20,3,18,20,1,18,20,2,1);
insert into flights values(500013,100013,'2016-12-30 07:00:00','2016-12-31 23:00:00',18,20,3,18,20,1,18,20,2,1);
insert into flights values(500014,100014,'2016-12-30 05:00:00','2016-12-30 11:30:00',18,20,3,18,20,1,18,20,2,1);
insert into flights values(500015,100015,'2016-12-30 01:00:00','2016-12-30 05:00:00',18,20,3,18,20,1,18,20,2,1);
insert into flights values(500016,100016,'2016-12-25 01:00:00','2016-12-26 05:00:00',18,20,3,18,20,1,18,20,2,1);


INSERT INTO SEATS VALUES(50000,1,'B01',1,0);
INSERT INTO SEATS VALUES(50000,1,'B02',1,0);
INSERT INTO SEATS VALUES(50000,1,'B03',1,0);
INSERT INTO SEATS VALUES(50000,1,'B04',1,0);
INSERT INTO SEATS VALUES(50000,1,'B05',1,0);
INSERT INTO SEATS VALUES(50000,1,'B06',1,0);
INSERT INTO SEATS VALUES(50000,1,'B07',1,0);
INSERT INTO SEATS VALUES(50000,1,'B08',1,0);
INSERT INTO SEATS VALUES(50000,1,'B09',1,0);
INSERT INTO SEATS VALUES(50000,1,'B10',1,0);
INSERT INTO SEATS VALUES(50000,1,'B11',1,0);
INSERT INTO SEATS VALUES(50000,1,'B12',1,0);
INSERT INTO SEATS VALUES(50000,1,'B13',1,0);
INSERT INTO SEATS VALUES(50000,1,'B14',1,0);
INSERT INTO SEATS VALUES(50000,1,'B15',1,0);
INSERT INTO SEATS VALUES(50000,1,'B16',1,0);
INSERT INTO SEATS VALUES(50000,1,'B17',1,0);
INSERT INTO SEATS VALUES(50000,1,'B18',1,0);
INSERT INTO SEATS VALUES(50000,2,'E01',1,0);
INSERT INTO SEATS VALUES(50000,2,'E02',1,0);
INSERT INTO SEATS VALUES(50000,2,'E03',1,0);
INSERT INTO SEATS VALUES(50000,2,'E04',1,0);
INSERT INTO SEATS VALUES(50000,2,'E05',1,0);
INSERT INTO SEATS VALUES(50000,2,'E06',1,0);
INSERT INTO SEATS VALUES(50000,2,'E07',1,0);
INSERT INTO SEATS VALUES(50000,2,'E08',1,0);
INSERT INTO SEATS VALUES(50000,2,'E09',1,0);
INSERT INTO SEATS VALUES(50000,2,'E10',1,0);
INSERT INTO SEATS VALUES(50000,2,'E11',1,0);
INSERT INTO SEATS VALUES(50000,2,'E12',1,0);
INSERT INTO SEATS VALUES(50000,2,'E13',1,0);
INSERT INTO SEATS VALUES(50000,2,'E14',1,0);
INSERT INTO SEATS VALUES(50000,2,'E15',1,0);
INSERT INTO SEATS VALUES(50000,2,'E16',1,0);
INSERT INTO SEATS VALUES(50000,2,'E17',1,0);
INSERT INTO SEATS VALUES(50000,2,'E18',1,0);
INSERT INTO SEATS VALUES(50000,3,'P01',1,0);
INSERT INTO SEATS VALUES(50000,3,'P02',1,0);
INSERT INTO SEATS VALUES(50000,3,'P03',1,0);
INSERT INTO SEATS VALUES(50000,3,'P04',1,0);
INSERT INTO SEATS VALUES(50000,3,'P05',1,0);
INSERT INTO SEATS VALUES(50000,3,'P06',1,0);
INSERT INTO SEATS VALUES(50000,3,'P07',1,0);
INSERT INTO SEATS VALUES(50000,3,'P08',1,0);
INSERT INTO SEATS VALUES(50000,3,'P09',1,0);
INSERT INTO SEATS VALUES(50000,3,'P10',1,0);
INSERT INTO SEATS VALUES(50000,3,'P11',1,0);
INSERT INTO SEATS VALUES(50000,3,'P12',1,0);
INSERT INTO SEATS VALUES(50000,3,'P13',1,0);
INSERT INTO SEATS VALUES(50000,3,'P14',1,0);
INSERT INTO SEATS VALUES(50000,3,'P15',1,0);
INSERT INTO SEATS VALUES(50000,3,'P16',1,0);
INSERT INTO SEATS VALUES(50000,3,'P17',1,0);
INSERT INTO SEATS VALUES(50000,3,'P18',1,0);
INSERT INTO SEATS VALUES(50001,1,'B01',1,0);
INSERT INTO SEATS VALUES(50001,1,'B02',1,0);
INSERT INTO SEATS VALUES(50001,1,'B03',1,0);
INSERT INTO SEATS VALUES(50001,1,'B04',1,0);
INSERT INTO SEATS VALUES(50001,1,'B05',1,0);
INSERT INTO SEATS VALUES(50001,1,'B06',1,0);
INSERT INTO SEATS VALUES(50001,1,'B07',1,0);
INSERT INTO SEATS VALUES(50001,1,'B08',1,0);
INSERT INTO SEATS VALUES(50001,1,'B09',1,0);
INSERT INTO SEATS VALUES(50001,1,'B10',1,0);
INSERT INTO SEATS VALUES(50001,1,'B11',1,0);
INSERT INTO SEATS VALUES(50001,1,'B12',1,0);
INSERT INTO SEATS VALUES(50001,1,'B13',1,0);
INSERT INTO SEATS VALUES(50001,1,'B14',1,0);
INSERT INTO SEATS VALUES(50001,1,'B15',1,0);
INSERT INTO SEATS VALUES(50001,1,'B16',1,0);
INSERT INTO SEATS VALUES(50001,1,'B17',1,0);
INSERT INTO SEATS VALUES(50001,1,'B18',1,0);
INSERT INTO SEATS VALUES(50001,2,'E01',1,0);
INSERT INTO SEATS VALUES(50001,2,'E02',1,0);
INSERT INTO SEATS VALUES(50001,2,'E03',1,0);
INSERT INTO SEATS VALUES(50001,2,'E04',1,0);
INSERT INTO SEATS VALUES(50001,2,'E05',1,0);
INSERT INTO SEATS VALUES(50001,2,'E06',1,0);
INSERT INTO SEATS VALUES(50001,2,'E07',1,0);
INSERT INTO SEATS VALUES(50001,2,'E08',1,0);
INSERT INTO SEATS VALUES(50001,2,'E09',1,0);
INSERT INTO SEATS VALUES(50001,2,'E10',1,0);
INSERT INTO SEATS VALUES(50001,2,'E11',1,0);
INSERT INTO SEATS VALUES(50001,2,'E12',1,0);
INSERT INTO SEATS VALUES(50001,2,'E13',1,0);
INSERT INTO SEATS VALUES(50001,2,'E14',1,0);
INSERT INTO SEATS VALUES(50001,2,'E15',1,0);
INSERT INTO SEATS VALUES(50001,2,'E16',1,0);
INSERT INTO SEATS VALUES(50001,2,'E17',1,0);
INSERT INTO SEATS VALUES(50001,2,'E18',1,0);
INSERT INTO SEATS VALUES(50001,3,'P01',1,0);
INSERT INTO SEATS VALUES(50001,3,'P02',1,0);
INSERT INTO SEATS VALUES(50001,3,'P03',1,0);
INSERT INTO SEATS VALUES(50001,3,'P04',1,0);
INSERT INTO SEATS VALUES(50001,3,'P05',1,0);
INSERT INTO SEATS VALUES(50001,3,'P06',1,0);
INSERT INTO SEATS VALUES(50001,3,'P07',1,0);
INSERT INTO SEATS VALUES(50001,3,'P08',1,0);
INSERT INTO SEATS VALUES(50001,3,'P09',1,0);
INSERT INTO SEATS VALUES(50001,3,'P10',1,0);
INSERT INTO SEATS VALUES(50001,3,'P11',1,0);
INSERT INTO SEATS VALUES(50001,3,'P12',1,0);
INSERT INTO SEATS VALUES(50001,3,'P13',1,0);
INSERT INTO SEATS VALUES(50001,3,'P14',1,0);
INSERT INTO SEATS VALUES(50001,3,'P15',1,0);
INSERT INTO SEATS VALUES(50001,3,'P16',1,0);
INSERT INTO SEATS VALUES(50001,3,'P17',1,0);
INSERT INTO SEATS VALUES(50001,3,'P18',1,0);
INSERT INTO SEATS VALUES(50002,1,'B01',1,0);
INSERT INTO SEATS VALUES(50002,1,'B02',1,0);
INSERT INTO SEATS VALUES(50002,1,'B03',1,0);
INSERT INTO SEATS VALUES(50002,1,'B04',1,0);
INSERT INTO SEATS VALUES(50002,1,'B05',1,0);
INSERT INTO SEATS VALUES(50002,1,'B06',1,0);
INSERT INTO SEATS VALUES(50002,1,'B07',1,0);
INSERT INTO SEATS VALUES(50002,1,'B08',1,0);
INSERT INTO SEATS VALUES(50002,1,'B09',1,0);
INSERT INTO SEATS VALUES(50002,1,'B10',1,0);
INSERT INTO SEATS VALUES(50002,1,'B11',1,0);
INSERT INTO SEATS VALUES(50002,1,'B12',1,0);
INSERT INTO SEATS VALUES(50002,1,'B13',1,0);
INSERT INTO SEATS VALUES(50002,1,'B14',1,0);
INSERT INTO SEATS VALUES(50002,1,'B15',1,0);
INSERT INTO SEATS VALUES(50002,1,'B16',1,0);
INSERT INTO SEATS VALUES(50002,1,'B17',1,0);
INSERT INTO SEATS VALUES(50002,1,'B18',1,0);
INSERT INTO SEATS VALUES(50002,2,'E01',1,0);
INSERT INTO SEATS VALUES(50002,2,'E02',1,0);
INSERT INTO SEATS VALUES(50002,2,'E03',1,0);
INSERT INTO SEATS VALUES(50002,2,'E04',1,0);
INSERT INTO SEATS VALUES(50002,2,'E05',1,0);
INSERT INTO SEATS VALUES(50002,2,'E06',1,0);
INSERT INTO SEATS VALUES(50002,2,'E07',1,0);
INSERT INTO SEATS VALUES(50002,2,'E08',1,0);
INSERT INTO SEATS VALUES(50002,2,'E09',1,0);
INSERT INTO SEATS VALUES(50002,2,'E10',1,0);
INSERT INTO SEATS VALUES(50002,2,'E11',1,0);
INSERT INTO SEATS VALUES(50002,2,'E12',1,0);
INSERT INTO SEATS VALUES(50002,2,'E13',1,0);
INSERT INTO SEATS VALUES(50002,2,'E14',1,0);
INSERT INTO SEATS VALUES(50002,2,'E15',1,0);
INSERT INTO SEATS VALUES(50002,2,'E16',1,0);
INSERT INTO SEATS VALUES(50002,2,'E17',1,0);
INSERT INTO SEATS VALUES(50002,2,'E18',1,0);
INSERT INTO SEATS VALUES(50002,3,'P01',1,0);
INSERT INTO SEATS VALUES(50002,3,'P02',1,0);
INSERT INTO SEATS VALUES(50002,3,'P03',1,0);
INSERT INTO SEATS VALUES(50002,3,'P04',1,0);
INSERT INTO SEATS VALUES(50002,3,'P05',1,0);
INSERT INTO SEATS VALUES(50002,3,'P06',1,0);
INSERT INTO SEATS VALUES(50002,3,'P07',1,0);
INSERT INTO SEATS VALUES(50002,3,'P08',1,0);
INSERT INTO SEATS VALUES(50002,3,'P09',1,0);
INSERT INTO SEATS VALUES(50002,3,'P10',1,0);
INSERT INTO SEATS VALUES(50002,3,'P11',1,0);
INSERT INTO SEATS VALUES(50002,3,'P12',1,0);
INSERT INTO SEATS VALUES(50002,3,'P13',1,0);
INSERT INTO SEATS VALUES(50002,3,'P14',1,0);
INSERT INTO SEATS VALUES(50002,3,'P15',1,0);
INSERT INTO SEATS VALUES(50002,3,'P16',1,0);
INSERT INTO SEATS VALUES(50002,3,'P17',1,0);
INSERT INTO SEATS VALUES(50002,3,'P18',1,0);
INSERT INTO SEATS VALUES(50003,1,'B01',1,0);
INSERT INTO SEATS VALUES(50003,1,'B02',1,0);
INSERT INTO SEATS VALUES(50003,1,'B03',1,0);
INSERT INTO SEATS VALUES(50003,1,'B04',1,0);
INSERT INTO SEATS VALUES(50003,1,'B05',1,0);
INSERT INTO SEATS VALUES(50003,1,'B06',1,0);
INSERT INTO SEATS VALUES(50003,1,'B07',1,0);
INSERT INTO SEATS VALUES(50003,1,'B08',1,0);
INSERT INTO SEATS VALUES(50003,1,'B09',1,0);
INSERT INTO SEATS VALUES(50003,1,'B10',1,0);
INSERT INTO SEATS VALUES(50003,1,'B11',1,0);
INSERT INTO SEATS VALUES(50003,1,'B12',1,0);
INSERT INTO SEATS VALUES(50003,1,'B13',1,0);
INSERT INTO SEATS VALUES(50003,1,'B14',1,0);
INSERT INTO SEATS VALUES(50003,1,'B15',1,0);
INSERT INTO SEATS VALUES(50003,1,'B16',1,0);
INSERT INTO SEATS VALUES(50003,1,'B17',1,0);
INSERT INTO SEATS VALUES(50003,1,'B18',1,0);
INSERT INTO SEATS VALUES(50003,2,'E01',1,0);
INSERT INTO SEATS VALUES(50003,2,'E02',1,0);
INSERT INTO SEATS VALUES(50003,2,'E03',1,0);
INSERT INTO SEATS VALUES(50003,2,'E04',1,0);
INSERT INTO SEATS VALUES(50003,2,'E05',1,0);
INSERT INTO SEATS VALUES(50003,2,'E06',1,0);
INSERT INTO SEATS VALUES(50003,2,'E07',1,0);
INSERT INTO SEATS VALUES(50003,2,'E08',1,0);
INSERT INTO SEATS VALUES(50003,2,'E09',1,0);
INSERT INTO SEATS VALUES(50003,2,'E10',1,0);
INSERT INTO SEATS VALUES(50003,2,'E11',1,0);
INSERT INTO SEATS VALUES(50003,2,'E12',1,0);
INSERT INTO SEATS VALUES(50003,2,'E13',1,0);
INSERT INTO SEATS VALUES(50003,2,'E14',1,0);
INSERT INTO SEATS VALUES(50003,2,'E15',1,0);
INSERT INTO SEATS VALUES(50003,2,'E16',1,0);
INSERT INTO SEATS VALUES(50003,2,'E17',1,0);
INSERT INTO SEATS VALUES(50003,2,'E18',1,0);
INSERT INTO SEATS VALUES(50003,3,'P01',1,0);
INSERT INTO SEATS VALUES(50003,3,'P02',1,0);
INSERT INTO SEATS VALUES(50003,3,'P03',1,0);
INSERT INTO SEATS VALUES(50003,3,'P04',1,0);
INSERT INTO SEATS VALUES(50003,3,'P05',1,0);
INSERT INTO SEATS VALUES(50003,3,'P06',1,0);
INSERT INTO SEATS VALUES(50003,3,'P07',1,0);
INSERT INTO SEATS VALUES(50003,3,'P08',1,0);
INSERT INTO SEATS VALUES(50003,3,'P09',1,0);
INSERT INTO SEATS VALUES(50003,3,'P10',1,0);
INSERT INTO SEATS VALUES(50003,3,'P11',1,0);
INSERT INTO SEATS VALUES(50003,3,'P12',1,0);
INSERT INTO SEATS VALUES(50003,3,'P13',1,0);
INSERT INTO SEATS VALUES(50003,3,'P14',1,0);
INSERT INTO SEATS VALUES(50003,3,'P15',1,0);
INSERT INTO SEATS VALUES(50003,3,'P16',1,0);
INSERT INTO SEATS VALUES(50003,3,'P17',1,0);
INSERT INTO SEATS VALUES(50003,3,'P18',1,0);
INSERT INTO SEATS VALUES(50004,1,'B01',1,0);
INSERT INTO SEATS VALUES(50004,1,'B02',1,0);
INSERT INTO SEATS VALUES(50004,1,'B03',1,0);
INSERT INTO SEATS VALUES(50004,1,'B04',1,0);
INSERT INTO SEATS VALUES(50004,1,'B05',1,0);
INSERT INTO SEATS VALUES(50004,1,'B06',1,0);
INSERT INTO SEATS VALUES(50004,1,'B07',1,0);
INSERT INTO SEATS VALUES(50004,1,'B08',1,0);
INSERT INTO SEATS VALUES(50004,1,'B09',1,0);
INSERT INTO SEATS VALUES(50004,1,'B10',1,0);
INSERT INTO SEATS VALUES(50004,1,'B11',1,0);
INSERT INTO SEATS VALUES(50004,1,'B12',1,0);
INSERT INTO SEATS VALUES(50004,1,'B13',1,0);
INSERT INTO SEATS VALUES(50004,1,'B14',1,0);
INSERT INTO SEATS VALUES(50004,1,'B15',1,0);
INSERT INTO SEATS VALUES(50004,1,'B16',1,0);
INSERT INTO SEATS VALUES(50004,1,'B17',1,0);
INSERT INTO SEATS VALUES(50004,1,'B18',1,0);
INSERT INTO SEATS VALUES(50004,2,'E01',1,0);
INSERT INTO SEATS VALUES(50004,2,'E02',1,0);
INSERT INTO SEATS VALUES(50004,2,'E03',1,0);
INSERT INTO SEATS VALUES(50004,2,'E04',1,0);
INSERT INTO SEATS VALUES(50004,2,'E05',1,0);
INSERT INTO SEATS VALUES(50004,2,'E06',1,0);
INSERT INTO SEATS VALUES(50004,2,'E07',1,0);
INSERT INTO SEATS VALUES(50004,2,'E08',1,0);
INSERT INTO SEATS VALUES(50004,2,'E09',1,0);
INSERT INTO SEATS VALUES(50004,2,'E10',1,0);
INSERT INTO SEATS VALUES(50004,2,'E11',1,0);
INSERT INTO SEATS VALUES(50004,2,'E12',1,0);
INSERT INTO SEATS VALUES(50004,2,'E13',1,0);
INSERT INTO SEATS VALUES(50004,2,'E14',1,0);
INSERT INTO SEATS VALUES(50004,2,'E15',1,0);
INSERT INTO SEATS VALUES(50004,2,'E16',1,0);
INSERT INTO SEATS VALUES(50004,2,'E17',1,0);
INSERT INTO SEATS VALUES(50004,2,'E18',1,0);
INSERT INTO SEATS VALUES(50004,3,'P01',1,0);
INSERT INTO SEATS VALUES(50004,3,'P02',1,0);
INSERT INTO SEATS VALUES(50004,3,'P03',1,0);
INSERT INTO SEATS VALUES(50004,3,'P04',1,0);
INSERT INTO SEATS VALUES(50004,3,'P05',1,0);
INSERT INTO SEATS VALUES(50004,3,'P06',1,0);
INSERT INTO SEATS VALUES(50004,3,'P07',1,0);
INSERT INTO SEATS VALUES(50004,3,'P08',1,0);
INSERT INTO SEATS VALUES(50004,3,'P09',1,0);
INSERT INTO SEATS VALUES(50004,3,'P10',1,0);
INSERT INTO SEATS VALUES(50004,3,'P11',1,0);
INSERT INTO SEATS VALUES(50004,3,'P12',1,0);
INSERT INTO SEATS VALUES(50004,3,'P13',1,0);
INSERT INTO SEATS VALUES(50004,3,'P14',1,0);
INSERT INTO SEATS VALUES(50004,3,'P15',1,0);
INSERT INTO SEATS VALUES(50004,3,'P16',1,0);
INSERT INTO SEATS VALUES(50004,3,'P17',1,0);
INSERT INTO SEATS VALUES(50004,3,'P18',1,0);
INSERT INTO SEATS VALUES(50005,1,'B01',1,0);
INSERT INTO SEATS VALUES(50005,1,'B02',1,0);
INSERT INTO SEATS VALUES(50005,1,'B03',1,0);
INSERT INTO SEATS VALUES(50005,1,'B04',1,0);
INSERT INTO SEATS VALUES(50005,1,'B05',1,0);
INSERT INTO SEATS VALUES(50005,1,'B06',1,0);
INSERT INTO SEATS VALUES(50005,1,'B07',1,0);
INSERT INTO SEATS VALUES(50005,1,'B08',1,0);
INSERT INTO SEATS VALUES(50005,1,'B09',1,0);
INSERT INTO SEATS VALUES(50005,1,'B10',1,0);
INSERT INTO SEATS VALUES(50005,1,'B11',1,0);
INSERT INTO SEATS VALUES(50005,1,'B12',1,0);
INSERT INTO SEATS VALUES(50005,1,'B13',1,0);
INSERT INTO SEATS VALUES(50005,1,'B14',1,0);
INSERT INTO SEATS VALUES(50005,1,'B15',1,0);
INSERT INTO SEATS VALUES(50005,1,'B16',1,0);
INSERT INTO SEATS VALUES(50005,1,'B17',1,0);
INSERT INTO SEATS VALUES(50005,1,'B18',1,0);
INSERT INTO SEATS VALUES(50005,2,'E01',1,0);
INSERT INTO SEATS VALUES(50005,2,'E02',1,0);
INSERT INTO SEATS VALUES(50005,2,'E03',1,0);
INSERT INTO SEATS VALUES(50005,2,'E04',1,0);
INSERT INTO SEATS VALUES(50005,2,'E05',1,0);
INSERT INTO SEATS VALUES(50005,2,'E06',1,0);
INSERT INTO SEATS VALUES(50005,2,'E07',1,0);
INSERT INTO SEATS VALUES(50005,2,'E08',1,0);
INSERT INTO SEATS VALUES(50005,2,'E09',1,0);
INSERT INTO SEATS VALUES(50005,2,'E10',1,0);
INSERT INTO SEATS VALUES(50005,2,'E11',1,0);
INSERT INTO SEATS VALUES(50005,2,'E12',1,0);
INSERT INTO SEATS VALUES(50005,2,'E13',1,0);
INSERT INTO SEATS VALUES(50005,2,'E14',1,0);
INSERT INTO SEATS VALUES(50005,2,'E15',1,0);
INSERT INTO SEATS VALUES(50005,2,'E16',1,0);
INSERT INTO SEATS VALUES(50005,2,'E17',1,0);
INSERT INTO SEATS VALUES(50005,2,'E18',1,0);
INSERT INTO SEATS VALUES(50005,3,'P01',1,0);
INSERT INTO SEATS VALUES(50005,3,'P02',1,0);
INSERT INTO SEATS VALUES(50005,3,'P03',1,0);
INSERT INTO SEATS VALUES(50005,3,'P04',1,0);
INSERT INTO SEATS VALUES(50005,3,'P05',1,0);
INSERT INTO SEATS VALUES(50005,3,'P06',1,0);
INSERT INTO SEATS VALUES(50005,3,'P07',1,0);
INSERT INTO SEATS VALUES(50005,3,'P08',1,0);
INSERT INTO SEATS VALUES(50005,3,'P09',1,0);
INSERT INTO SEATS VALUES(50005,3,'P10',1,0);
INSERT INTO SEATS VALUES(50005,3,'P11',1,0);
INSERT INTO SEATS VALUES(50005,3,'P12',1,0);
INSERT INTO SEATS VALUES(50005,3,'P13',1,0);
INSERT INTO SEATS VALUES(50005,3,'P14',1,0);
INSERT INTO SEATS VALUES(50005,3,'P15',1,0);
INSERT INTO SEATS VALUES(50005,3,'P16',1,0);
INSERT INTO SEATS VALUES(50005,3,'P17',1,0);
INSERT INTO SEATS VALUES(50005,3,'P18',1,0);
INSERT INTO SEATS VALUES(50006,1,'B01',1,0);
INSERT INTO SEATS VALUES(50006,1,'B02',1,0);
INSERT INTO SEATS VALUES(50006,1,'B03',1,0);
INSERT INTO SEATS VALUES(50006,1,'B04',1,0);
INSERT INTO SEATS VALUES(50006,1,'B05',1,0);
INSERT INTO SEATS VALUES(50006,1,'B06',1,0);
INSERT INTO SEATS VALUES(50006,1,'B07',1,0);
INSERT INTO SEATS VALUES(50006,1,'B08',1,0);
INSERT INTO SEATS VALUES(50006,1,'B09',1,0);
INSERT INTO SEATS VALUES(50006,1,'B10',1,0);
INSERT INTO SEATS VALUES(50006,1,'B11',1,0);
INSERT INTO SEATS VALUES(50006,1,'B12',1,0);
INSERT INTO SEATS VALUES(50006,1,'B13',1,0);
INSERT INTO SEATS VALUES(50006,1,'B14',1,0);
INSERT INTO SEATS VALUES(50006,1,'B15',1,0);
INSERT INTO SEATS VALUES(50006,1,'B16',1,0);
INSERT INTO SEATS VALUES(50006,1,'B17',1,0);
INSERT INTO SEATS VALUES(50006,1,'B18',1,0);
INSERT INTO SEATS VALUES(50006,2,'E01',1,0);
INSERT INTO SEATS VALUES(50006,2,'E02',1,0);
INSERT INTO SEATS VALUES(50006,2,'E03',1,0);
INSERT INTO SEATS VALUES(50006,2,'E04',1,0);
INSERT INTO SEATS VALUES(50006,2,'E05',1,0);
INSERT INTO SEATS VALUES(50006,2,'E06',1,0);
INSERT INTO SEATS VALUES(50006,2,'E07',1,0);
INSERT INTO SEATS VALUES(50006,2,'E08',1,0);
INSERT INTO SEATS VALUES(50006,2,'E09',1,0);
INSERT INTO SEATS VALUES(50006,2,'E10',1,0);
INSERT INTO SEATS VALUES(50006,2,'E11',1,0);
INSERT INTO SEATS VALUES(50006,2,'E12',1,0);
INSERT INTO SEATS VALUES(50006,2,'E13',1,0);
INSERT INTO SEATS VALUES(50006,2,'E14',1,0);
INSERT INTO SEATS VALUES(50006,2,'E15',1,0);
INSERT INTO SEATS VALUES(50006,2,'E16',1,0);
INSERT INTO SEATS VALUES(50006,2,'E17',1,0);
INSERT INTO SEATS VALUES(50006,2,'E18',1,0);
INSERT INTO SEATS VALUES(50006,3,'P01',1,0);
INSERT INTO SEATS VALUES(50006,3,'P02',1,0);
INSERT INTO SEATS VALUES(50006,3,'P03',1,0);
INSERT INTO SEATS VALUES(50006,3,'P04',1,0);
INSERT INTO SEATS VALUES(50006,3,'P05',1,0);
INSERT INTO SEATS VALUES(50006,3,'P06',1,0);
INSERT INTO SEATS VALUES(50006,3,'P07',1,0);
INSERT INTO SEATS VALUES(50006,3,'P08',1,0);
INSERT INTO SEATS VALUES(50006,3,'P09',1,0);
INSERT INTO SEATS VALUES(50006,3,'P10',1,0);
INSERT INTO SEATS VALUES(50006,3,'P11',1,0);
INSERT INTO SEATS VALUES(50006,3,'P12',1,0);
INSERT INTO SEATS VALUES(50006,3,'P13',1,0);
INSERT INTO SEATS VALUES(50006,3,'P14',1,0);
INSERT INTO SEATS VALUES(50006,3,'P15',1,0);
INSERT INTO SEATS VALUES(50006,3,'P16',1,0);
INSERT INTO SEATS VALUES(50006,3,'P17',1,0);
INSERT INTO SEATS VALUES(50006,3,'P18',1,0);						
INSERT INTO SEATS VALUES(50007,1,'B01',1,0);
INSERT INTO SEATS VALUES(50007,1,'B02',1,0);
INSERT INTO SEATS VALUES(50007,1,'B03',1,0);
INSERT INTO SEATS VALUES(50007,1,'B04',1,0);
INSERT INTO SEATS VALUES(50007,1,'B05',1,0);
INSERT INTO SEATS VALUES(50007,1,'B06',1,0);
INSERT INTO SEATS VALUES(50007,1,'B07',1,0);
INSERT INTO SEATS VALUES(50007,1,'B08',1,0);
INSERT INTO SEATS VALUES(50007,1,'B09',1,0);
INSERT INTO SEATS VALUES(50007,1,'B10',1,0);
INSERT INTO SEATS VALUES(50007,1,'B11',1,0);
INSERT INTO SEATS VALUES(50007,1,'B12',1,0);
INSERT INTO SEATS VALUES(50007,1,'B13',1,0);
INSERT INTO SEATS VALUES(50007,1,'B14',1,0);
INSERT INTO SEATS VALUES(50007,1,'B15',1,0);
INSERT INTO SEATS VALUES(50007,1,'B16',1,0);
INSERT INTO SEATS VALUES(50007,1,'B17',1,0);
INSERT INTO SEATS VALUES(50007,1,'B18',1,0);
INSERT INTO SEATS VALUES(50007,2,'E01',1,0);
INSERT INTO SEATS VALUES(50007,2,'E02',1,0);
INSERT INTO SEATS VALUES(50007,2,'E03',1,0);
INSERT INTO SEATS VALUES(50007,2,'E04',1,0);
INSERT INTO SEATS VALUES(50007,2,'E05',1,0);
INSERT INTO SEATS VALUES(50007,2,'E06',1,0);
INSERT INTO SEATS VALUES(50007,2,'E07',1,0);
INSERT INTO SEATS VALUES(50007,2,'E08',1,0);
INSERT INTO SEATS VALUES(50007,2,'E09',1,0);
INSERT INTO SEATS VALUES(50007,2,'E10',1,0);
INSERT INTO SEATS VALUES(50007,2,'E11',1,0);
INSERT INTO SEATS VALUES(50007,2,'E12',1,0);
INSERT INTO SEATS VALUES(50007,2,'E13',1,0);
INSERT INTO SEATS VALUES(50007,2,'E14',1,0);
INSERT INTO SEATS VALUES(50007,2,'E15',1,0);
INSERT INTO SEATS VALUES(50007,2,'E16',1,0);
INSERT INTO SEATS VALUES(50007,2,'E17',1,0);
INSERT INTO SEATS VALUES(50007,2,'E18',1,0);
INSERT INTO SEATS VALUES(50007,3,'P01',1,0);
INSERT INTO SEATS VALUES(50007,3,'P02',1,0);
INSERT INTO SEATS VALUES(50007,3,'P03',1,0);
INSERT INTO SEATS VALUES(50007,3,'P04',1,0);
INSERT INTO SEATS VALUES(50007,3,'P05',1,0);
INSERT INTO SEATS VALUES(50007,3,'P06',1,0);
INSERT INTO SEATS VALUES(50007,3,'P07',1,0);
INSERT INTO SEATS VALUES(50007,3,'P08',1,0);
INSERT INTO SEATS VALUES(50007,3,'P09',1,0);
INSERT INTO SEATS VALUES(50007,3,'P10',1,0);
INSERT INTO SEATS VALUES(50007,3,'P11',1,0);
INSERT INTO SEATS VALUES(50007,3,'P12',1,0);
INSERT INTO SEATS VALUES(50007,3,'P13',1,0);
INSERT INTO SEATS VALUES(50007,3,'P14',1,0);
INSERT INTO SEATS VALUES(50007,3,'P15',1,0);
INSERT INTO SEATS VALUES(50007,3,'P16',1,0);
INSERT INTO SEATS VALUES(50007,3,'P17',1,0);
INSERT INTO SEATS VALUES(50007,3,'P18',1,0);
INSERT INTO SEATS VALUES(50008,1,'B01',1,0);
INSERT INTO SEATS VALUES(50008,1,'B02',1,0);
INSERT INTO SEATS VALUES(50008,1,'B03',1,0);
INSERT INTO SEATS VALUES(50008,1,'B04',1,0);
INSERT INTO SEATS VALUES(50008,1,'B05',1,0);
INSERT INTO SEATS VALUES(50008,1,'B06',1,0);
INSERT INTO SEATS VALUES(50008,1,'B07',1,0);
INSERT INTO SEATS VALUES(50008,1,'B08',1,0);
INSERT INTO SEATS VALUES(50008,1,'B09',1,0);
INSERT INTO SEATS VALUES(50008,1,'B10',1,0);
INSERT INTO SEATS VALUES(50008,1,'B11',1,0);
INSERT INTO SEATS VALUES(50008,1,'B12',1,0);
INSERT INTO SEATS VALUES(50008,1,'B13',1,0);
INSERT INTO SEATS VALUES(50008,1,'B14',1,0);
INSERT INTO SEATS VALUES(50008,1,'B15',1,0);
INSERT INTO SEATS VALUES(50008,1,'B16',1,0);
INSERT INTO SEATS VALUES(50008,1,'B17',1,0);
INSERT INTO SEATS VALUES(50008,1,'B18',1,0);
INSERT INTO SEATS VALUES(50008,2,'E01',1,0);
INSERT INTO SEATS VALUES(50008,2,'E02',1,0);
INSERT INTO SEATS VALUES(50008,2,'E03',1,0);
INSERT INTO SEATS VALUES(50008,2,'E04',1,0);
INSERT INTO SEATS VALUES(50008,2,'E05',1,0);
INSERT INTO SEATS VALUES(50008,2,'E06',1,0);
INSERT INTO SEATS VALUES(50008,2,'E07',1,0);
INSERT INTO SEATS VALUES(50008,2,'E08',1,0);
INSERT INTO SEATS VALUES(50008,2,'E09',1,0);
INSERT INTO SEATS VALUES(50008,2,'E10',1,0);
INSERT INTO SEATS VALUES(50008,2,'E11',1,0);
INSERT INTO SEATS VALUES(50008,2,'E12',1,0);
INSERT INTO SEATS VALUES(50008,2,'E13',1,0);
INSERT INTO SEATS VALUES(50008,2,'E14',1,0);
INSERT INTO SEATS VALUES(50008,2,'E15',1,0);
INSERT INTO SEATS VALUES(50008,2,'E16',1,0);
INSERT INTO SEATS VALUES(50008,2,'E17',1,0);
INSERT INTO SEATS VALUES(50008,2,'E18',1,0);
INSERT INTO SEATS VALUES(50008,3,'P01',1,0);
INSERT INTO SEATS VALUES(50008,3,'P02',1,0);
INSERT INTO SEATS VALUES(50008,3,'P03',1,0);
INSERT INTO SEATS VALUES(50008,3,'P04',1,0);
INSERT INTO SEATS VALUES(50008,3,'P05',1,0);
INSERT INTO SEATS VALUES(50008,3,'P06',1,0);
INSERT INTO SEATS VALUES(50008,3,'P07',1,0);
INSERT INTO SEATS VALUES(50008,3,'P08',1,0);
INSERT INTO SEATS VALUES(50008,3,'P09',1,0);
INSERT INTO SEATS VALUES(50008,3,'P10',1,0);
INSERT INTO SEATS VALUES(50008,3,'P11',1,0);
INSERT INTO SEATS VALUES(50008,3,'P12',1,0);
INSERT INTO SEATS VALUES(50008,3,'P13',1,0);
INSERT INTO SEATS VALUES(50008,3,'P14',1,0);
INSERT INTO SEATS VALUES(50008,3,'P15',1,0);
INSERT INTO SEATS VALUES(50008,3,'P16',1,0);
INSERT INTO SEATS VALUES(50008,3,'P17',1,0);
INSERT INTO SEATS VALUES(50008,3,'P18',1,0);
INSERT INTO SEATS VALUES(50009,1,'B01',1,0);
INSERT INTO SEATS VALUES(50009,1,'B02',1,0);
INSERT INTO SEATS VALUES(50009,1,'B03',1,0);
INSERT INTO SEATS VALUES(50009,1,'B04',1,0);
INSERT INTO SEATS VALUES(50009,1,'B05',1,0);
INSERT INTO SEATS VALUES(50009,1,'B06',1,0);
INSERT INTO SEATS VALUES(50009,1,'B07',1,0);
INSERT INTO SEATS VALUES(50009,1,'B08',1,0);
INSERT INTO SEATS VALUES(50009,1,'B09',1,0);
INSERT INTO SEATS VALUES(50009,1,'B10',1,0);
INSERT INTO SEATS VALUES(50009,1,'B11',1,0);
INSERT INTO SEATS VALUES(50009,1,'B12',1,0);
INSERT INTO SEATS VALUES(50009,1,'B13',1,0);
INSERT INTO SEATS VALUES(50009,1,'B14',1,0);
INSERT INTO SEATS VALUES(50009,1,'B15',1,0);
INSERT INTO SEATS VALUES(50009,1,'B16',1,0);
INSERT INTO SEATS VALUES(50009,1,'B17',1,0);
INSERT INTO SEATS VALUES(50009,1,'B18',1,0);
INSERT INTO SEATS VALUES(50009,2,'E01',1,0);
INSERT INTO SEATS VALUES(50009,2,'E02',1,0);
INSERT INTO SEATS VALUES(50009,2,'E03',1,0);
INSERT INTO SEATS VALUES(50009,2,'E04',1,0);
INSERT INTO SEATS VALUES(50009,2,'E05',1,0);
INSERT INTO SEATS VALUES(50009,2,'E06',1,0);
INSERT INTO SEATS VALUES(50009,2,'E07',1,0);
INSERT INTO SEATS VALUES(50009,2,'E08',1,0);
INSERT INTO SEATS VALUES(50009,2,'E09',1,0);
INSERT INTO SEATS VALUES(50009,2,'E10',1,0);
INSERT INTO SEATS VALUES(50009,2,'E11',1,0);
INSERT INTO SEATS VALUES(50009,2,'E12',1,0);
INSERT INTO SEATS VALUES(50009,2,'E13',1,0);
INSERT INTO SEATS VALUES(50009,2,'E14',1,0);
INSERT INTO SEATS VALUES(50009,2,'E15',1,0);
INSERT INTO SEATS VALUES(50009,2,'E16',1,0);
INSERT INTO SEATS VALUES(50009,2,'E17',1,0);
INSERT INTO SEATS VALUES(50009,2,'E18',1,0);
INSERT INTO SEATS VALUES(50009,3,'P01',1,0);
INSERT INTO SEATS VALUES(50009,3,'P02',1,0);
INSERT INTO SEATS VALUES(50009,3,'P03',1,0);
INSERT INTO SEATS VALUES(50009,3,'P04',1,0);
INSERT INTO SEATS VALUES(50009,3,'P05',1,0);
INSERT INTO SEATS VALUES(50009,3,'P06',1,0);
INSERT INTO SEATS VALUES(50009,3,'P07',1,0);
INSERT INTO SEATS VALUES(50009,3,'P08',1,0);
INSERT INTO SEATS VALUES(50009,3,'P09',1,0);
INSERT INTO SEATS VALUES(50009,3,'P10',1,0);
INSERT INTO SEATS VALUES(50009,3,'P11',1,0);
INSERT INTO SEATS VALUES(50009,3,'P12',1,0);
INSERT INTO SEATS VALUES(50009,3,'P13',1,0);
INSERT INTO SEATS VALUES(50009,3,'P14',1,0);
INSERT INTO SEATS VALUES(50009,3,'P15',1,0);
INSERT INTO SEATS VALUES(50009,3,'P16',1,0);
INSERT INTO SEATS VALUES(50009,3,'P17',1,0);
INSERT INTO SEATS VALUES(50009,3,'P18',1,0);
INSERT INTO SEATS VALUES(500010,1,'B01',1,0);
INSERT INTO SEATS VALUES(500010,1,'B02',1,0);
INSERT INTO SEATS VALUES(500010,1,'B03',1,0);
INSERT INTO SEATS VALUES(500010,1,'B04',1,0);
INSERT INTO SEATS VALUES(500010,1,'B05',1,0);
INSERT INTO SEATS VALUES(500010,1,'B06',1,0);
INSERT INTO SEATS VALUES(500010,1,'B07',1,0);
INSERT INTO SEATS VALUES(500010,1,'B08',1,0);
INSERT INTO SEATS VALUES(500010,1,'B09',1,0);
INSERT INTO SEATS VALUES(500010,1,'B10',1,0);
INSERT INTO SEATS VALUES(500010,1,'B11',1,0);
INSERT INTO SEATS VALUES(500010,1,'B12',1,0);
INSERT INTO SEATS VALUES(500010,1,'B13',1,0);
INSERT INTO SEATS VALUES(500010,1,'B14',1,0);
INSERT INTO SEATS VALUES(500010,1,'B15',1,0);
INSERT INTO SEATS VALUES(500010,1,'B16',1,0);
INSERT INTO SEATS VALUES(500010,1,'B17',1,0);
INSERT INTO SEATS VALUES(500010,1,'B18',1,0);
INSERT INTO SEATS VALUES(500010,2,'E01',1,0);
INSERT INTO SEATS VALUES(500010,2,'E02',1,0);
INSERT INTO SEATS VALUES(500010,2,'E03',1,0);
INSERT INTO SEATS VALUES(500010,2,'E04',1,0);
INSERT INTO SEATS VALUES(500010,2,'E05',1,0);
INSERT INTO SEATS VALUES(500010,2,'E06',1,0);
INSERT INTO SEATS VALUES(500010,2,'E07',1,0);
INSERT INTO SEATS VALUES(500010,2,'E08',1,0);
INSERT INTO SEATS VALUES(500010,2,'E09',1,0);
INSERT INTO SEATS VALUES(500010,2,'E10',1,0);
INSERT INTO SEATS VALUES(500010,2,'E11',1,0);
INSERT INTO SEATS VALUES(500010,2,'E12',1,0);
INSERT INTO SEATS VALUES(500010,2,'E13',1,0);
INSERT INTO SEATS VALUES(500010,2,'E14',1,0);
INSERT INTO SEATS VALUES(500010,2,'E15',1,0);
INSERT INTO SEATS VALUES(500010,2,'E16',1,0);
INSERT INTO SEATS VALUES(500010,2,'E17',1,0);
INSERT INTO SEATS VALUES(500010,2,'E18',1,0);
INSERT INTO SEATS VALUES(500010,3,'P01',1,0);
INSERT INTO SEATS VALUES(500010,3,'P02',1,0);
INSERT INTO SEATS VALUES(500010,3,'P03',1,0);
INSERT INTO SEATS VALUES(500010,3,'P04',1,0);
INSERT INTO SEATS VALUES(500010,3,'P05',1,0);
INSERT INTO SEATS VALUES(500010,3,'P06',1,0);
INSERT INTO SEATS VALUES(500010,3,'P07',1,0);
INSERT INTO SEATS VALUES(500010,3,'P08',1,0);
INSERT INTO SEATS VALUES(500010,3,'P09',1,0);
INSERT INTO SEATS VALUES(500010,3,'P10',1,0);
INSERT INTO SEATS VALUES(500010,3,'P11',1,0);
INSERT INTO SEATS VALUES(500010,3,'P12',1,0);
INSERT INTO SEATS VALUES(500010,3,'P13',1,0);
INSERT INTO SEATS VALUES(500010,3,'P14',1,0);
INSERT INTO SEATS VALUES(500010,3,'P15',1,0);
INSERT INTO SEATS VALUES(500010,3,'P16',1,0);
INSERT INTO SEATS VALUES(500010,3,'P17',1,0);
INSERT INTO SEATS VALUES(500010,3,'P18',1,0);
INSERT INTO SEATS VALUES(500011,1,'B01',1,0);
INSERT INTO SEATS VALUES(500011,1,'B02',1,0);
INSERT INTO SEATS VALUES(500011,1,'B03',1,0);
INSERT INTO SEATS VALUES(500011,1,'B04',1,0);
INSERT INTO SEATS VALUES(500011,1,'B05',1,0);
INSERT INTO SEATS VALUES(500011,1,'B06',1,0);
INSERT INTO SEATS VALUES(500011,1,'B07',1,0);
INSERT INTO SEATS VALUES(500011,1,'B08',1,0);
INSERT INTO SEATS VALUES(500011,1,'B09',1,0);
INSERT INTO SEATS VALUES(500011,1,'B10',1,0);
INSERT INTO SEATS VALUES(500011,1,'B11',1,0);
INSERT INTO SEATS VALUES(500011,1,'B12',1,0);
INSERT INTO SEATS VALUES(500011,1,'B13',1,0);
INSERT INTO SEATS VALUES(500011,1,'B14',1,0);
INSERT INTO SEATS VALUES(500011,1,'B15',1,0);
INSERT INTO SEATS VALUES(500011,1,'B16',1,0);
INSERT INTO SEATS VALUES(500011,1,'B17',1,0);
INSERT INTO SEATS VALUES(500011,1,'B18',1,0);
INSERT INTO SEATS VALUES(500011,2,'E01',1,0);
INSERT INTO SEATS VALUES(500011,2,'E02',1,0);
INSERT INTO SEATS VALUES(500011,2,'E03',1,0);
INSERT INTO SEATS VALUES(500011,2,'E04',1,0);
INSERT INTO SEATS VALUES(500011,2,'E05',1,0);
INSERT INTO SEATS VALUES(500011,2,'E06',1,0);
INSERT INTO SEATS VALUES(500011,2,'E07',1,0);
INSERT INTO SEATS VALUES(500011,2,'E08',1,0);
INSERT INTO SEATS VALUES(500011,2,'E09',1,0);
INSERT INTO SEATS VALUES(500011,2,'E10',1,0);
INSERT INTO SEATS VALUES(500011,2,'E11',1,0);
INSERT INTO SEATS VALUES(500011,2,'E12',1,0);
INSERT INTO SEATS VALUES(500011,2,'E13',1,0);
INSERT INTO SEATS VALUES(500011,2,'E14',1,0);
INSERT INTO SEATS VALUES(500011,2,'E15',1,0);
INSERT INTO SEATS VALUES(500011,2,'E16',1,0);
INSERT INTO SEATS VALUES(500011,2,'E17',1,0);
INSERT INTO SEATS VALUES(500011,2,'E18',1,0);
INSERT INTO SEATS VALUES(500011,3,'P01',1,0);
INSERT INTO SEATS VALUES(500011,3,'P02',1,0);
INSERT INTO SEATS VALUES(500011,3,'P03',1,0);
INSERT INTO SEATS VALUES(500011,3,'P04',1,0);
INSERT INTO SEATS VALUES(500011,3,'P05',1,0);
INSERT INTO SEATS VALUES(500011,3,'P06',1,0);
INSERT INTO SEATS VALUES(500011,3,'P07',1,0);
INSERT INTO SEATS VALUES(500011,3,'P08',1,0);
INSERT INTO SEATS VALUES(500011,3,'P09',1,0);
INSERT INTO SEATS VALUES(500011,3,'P10',1,0);
INSERT INTO SEATS VALUES(500011,3,'P11',1,0);
INSERT INTO SEATS VALUES(500011,3,'P12',1,0);
INSERT INTO SEATS VALUES(500011,3,'P13',1,0);
INSERT INTO SEATS VALUES(500011,3,'P14',1,0);
INSERT INTO SEATS VALUES(500011,3,'P15',1,0);
INSERT INTO SEATS VALUES(500011,3,'P16',1,0);
INSERT INTO SEATS VALUES(500011,3,'P17',1,0);
INSERT INTO SEATS VALUES(500011,3,'P18',1,0);
INSERT INTO SEATS VALUES(500012,1,'B01',1,0);
INSERT INTO SEATS VALUES(500012,1,'B02',1,0);
INSERT INTO SEATS VALUES(500012,1,'B03',1,0);
INSERT INTO SEATS VALUES(500012,1,'B04',1,0);
INSERT INTO SEATS VALUES(500012,1,'B05',1,0);
INSERT INTO SEATS VALUES(500012,1,'B06',1,0);
INSERT INTO SEATS VALUES(500012,1,'B07',1,0);
INSERT INTO SEATS VALUES(500012,1,'B08',1,0);
INSERT INTO SEATS VALUES(500012,1,'B09',1,0);
INSERT INTO SEATS VALUES(500012,1,'B10',1,0);
INSERT INTO SEATS VALUES(500012,1,'B11',1,0);
INSERT INTO SEATS VALUES(500012,1,'B12',1,0);
INSERT INTO SEATS VALUES(500012,1,'B13',1,0);
INSERT INTO SEATS VALUES(500012,1,'B14',1,0);
INSERT INTO SEATS VALUES(500012,1,'B15',1,0);
INSERT INTO SEATS VALUES(500012,1,'B16',1,0);
INSERT INTO SEATS VALUES(500012,1,'B17',1,0);
INSERT INTO SEATS VALUES(500012,1,'B18',1,0);
INSERT INTO SEATS VALUES(500012,2,'E01',1,0);
INSERT INTO SEATS VALUES(500012,2,'E02',1,0);
INSERT INTO SEATS VALUES(500012,2,'E03',1,0);
INSERT INTO SEATS VALUES(500012,2,'E04',1,0);
INSERT INTO SEATS VALUES(500012,2,'E05',1,0);
INSERT INTO SEATS VALUES(500012,2,'E06',1,0);
INSERT INTO SEATS VALUES(500012,2,'E07',1,0);
INSERT INTO SEATS VALUES(500012,2,'E08',1,0);
INSERT INTO SEATS VALUES(500012,2,'E09',1,0);
INSERT INTO SEATS VALUES(500012,2,'E10',1,0);
INSERT INTO SEATS VALUES(500012,2,'E11',1,0);
INSERT INTO SEATS VALUES(500012,2,'E12',1,0);
INSERT INTO SEATS VALUES(500012,2,'E13',1,0);
INSERT INTO SEATS VALUES(500012,2,'E14',1,0);
INSERT INTO SEATS VALUES(500012,2,'E15',1,0);
INSERT INTO SEATS VALUES(500012,2,'E16',1,0);
INSERT INTO SEATS VALUES(500012,2,'E17',1,0);
INSERT INTO SEATS VALUES(500012,2,'E18',1,0);
INSERT INTO SEATS VALUES(500012,3,'P01',1,0);
INSERT INTO SEATS VALUES(500012,3,'P02',1,0);
INSERT INTO SEATS VALUES(500012,3,'P03',1,0);
INSERT INTO SEATS VALUES(500012,3,'P04',1,0);
INSERT INTO SEATS VALUES(500012,3,'P05',1,0);
INSERT INTO SEATS VALUES(500012,3,'P06',1,0);
INSERT INTO SEATS VALUES(500012,3,'P07',1,0);
INSERT INTO SEATS VALUES(500012,3,'P08',1,0);
INSERT INTO SEATS VALUES(500012,3,'P09',1,0);
INSERT INTO SEATS VALUES(500012,3,'P10',1,0);
INSERT INTO SEATS VALUES(500012,3,'P11',1,0);
INSERT INTO SEATS VALUES(500012,3,'P12',1,0);
INSERT INTO SEATS VALUES(500012,3,'P13',1,0);
INSERT INTO SEATS VALUES(500012,3,'P14',1,0);
INSERT INTO SEATS VALUES(500012,3,'P15',1,0);
INSERT INTO SEATS VALUES(500012,3,'P16',1,0);
INSERT INTO SEATS VALUES(500012,3,'P17',1,0);
INSERT INTO SEATS VALUES(500012,3,'P18',1,0);
INSERT INTO SEATS VALUES(500013,1,'B01',1,0);
INSERT INTO SEATS VALUES(500013,1,'B02',1,0);
INSERT INTO SEATS VALUES(500013,1,'B03',1,0);
INSERT INTO SEATS VALUES(500013,1,'B04',1,0);
INSERT INTO SEATS VALUES(500013,1,'B05',1,0);
INSERT INTO SEATS VALUES(500013,1,'B06',1,0);
INSERT INTO SEATS VALUES(500013,1,'B07',1,0);
INSERT INTO SEATS VALUES(500013,1,'B08',1,0);
INSERT INTO SEATS VALUES(500013,1,'B09',1,0);
INSERT INTO SEATS VALUES(500013,1,'B10',1,0);
INSERT INTO SEATS VALUES(500013,1,'B11',1,0);
INSERT INTO SEATS VALUES(500013,1,'B12',1,0);
INSERT INTO SEATS VALUES(500013,1,'B13',1,0);
INSERT INTO SEATS VALUES(500013,1,'B14',1,0);
INSERT INTO SEATS VALUES(500013,1,'B15',1,0);
INSERT INTO SEATS VALUES(500013,1,'B16',1,0);
INSERT INTO SEATS VALUES(500013,1,'B17',1,0);
INSERT INTO SEATS VALUES(500013,1,'B18',1,0);
INSERT INTO SEATS VALUES(500013,2,'E01',1,0);
INSERT INTO SEATS VALUES(500013,2,'E02',1,0);
INSERT INTO SEATS VALUES(500013,2,'E03',1,0);
INSERT INTO SEATS VALUES(500013,2,'E04',1,0);
INSERT INTO SEATS VALUES(500013,2,'E05',1,0);
INSERT INTO SEATS VALUES(500013,2,'E06',1,0);
INSERT INTO SEATS VALUES(500013,2,'E07',1,0);
INSERT INTO SEATS VALUES(500013,2,'E08',1,0);
INSERT INTO SEATS VALUES(500013,2,'E09',1,0);
INSERT INTO SEATS VALUES(500013,2,'E10',1,0);
INSERT INTO SEATS VALUES(500013,2,'E11',1,0);
INSERT INTO SEATS VALUES(500013,2,'E12',1,0);
INSERT INTO SEATS VALUES(500013,2,'E13',1,0);
INSERT INTO SEATS VALUES(500013,2,'E14',1,0);
INSERT INTO SEATS VALUES(500013,2,'E15',1,0);
INSERT INTO SEATS VALUES(500013,2,'E16',1,0);
INSERT INTO SEATS VALUES(500013,2,'E17',1,0);
INSERT INTO SEATS VALUES(500013,2,'E18',1,0);
INSERT INTO SEATS VALUES(500013,3,'P01',1,0);
INSERT INTO SEATS VALUES(500013,3,'P02',1,0);
INSERT INTO SEATS VALUES(500013,3,'P03',1,0);
INSERT INTO SEATS VALUES(500013,3,'P04',1,0);
INSERT INTO SEATS VALUES(500013,3,'P05',1,0);
INSERT INTO SEATS VALUES(500013,3,'P06',1,0);
INSERT INTO SEATS VALUES(500013,3,'P07',1,0);
INSERT INTO SEATS VALUES(500013,3,'P08',1,0);
INSERT INTO SEATS VALUES(500013,3,'P09',1,0);
INSERT INTO SEATS VALUES(500013,3,'P10',1,0);
INSERT INTO SEATS VALUES(500013,3,'P11',1,0);
INSERT INTO SEATS VALUES(500013,3,'P12',1,0);
INSERT INTO SEATS VALUES(500013,3,'P13',1,0);
INSERT INTO SEATS VALUES(500013,3,'P14',1,0);
INSERT INTO SEATS VALUES(500013,3,'P15',1,0);
INSERT INTO SEATS VALUES(500013,3,'P16',1,0);
INSERT INTO SEATS VALUES(500013,3,'P17',1,0);
INSERT INTO SEATS VALUES(500013,3,'P18',1,0);
INSERT INTO SEATS VALUES(500014,1,'B01',1,0);
INSERT INTO SEATS VALUES(500014,1,'B02',1,0);
INSERT INTO SEATS VALUES(500014,1,'B03',1,0);
INSERT INTO SEATS VALUES(500014,1,'B04',1,0);
INSERT INTO SEATS VALUES(500014,1,'B05',1,0);
INSERT INTO SEATS VALUES(500014,1,'B06',1,0);
INSERT INTO SEATS VALUES(500014,1,'B07',1,0);
INSERT INTO SEATS VALUES(500014,1,'B08',1,0);
INSERT INTO SEATS VALUES(500014,1,'B09',1,0);
INSERT INTO SEATS VALUES(500014,1,'B10',1,0);
INSERT INTO SEATS VALUES(500014,1,'B11',1,0);
INSERT INTO SEATS VALUES(500014,1,'B12',1,0);
INSERT INTO SEATS VALUES(500014,1,'B13',1,0);
INSERT INTO SEATS VALUES(500014,1,'B14',1,0);
INSERT INTO SEATS VALUES(500014,1,'B15',1,0);
INSERT INTO SEATS VALUES(500014,1,'B16',1,0);
INSERT INTO SEATS VALUES(500014,1,'B17',1,0);
INSERT INTO SEATS VALUES(500014,1,'B18',1,0);
INSERT INTO SEATS VALUES(500014,2,'E01',1,0);
INSERT INTO SEATS VALUES(500014,2,'E02',1,0);
INSERT INTO SEATS VALUES(500014,2,'E03',1,0);
INSERT INTO SEATS VALUES(500014,2,'E04',1,0);
INSERT INTO SEATS VALUES(500014,2,'E05',1,0);
INSERT INTO SEATS VALUES(500014,2,'E06',1,0);
INSERT INTO SEATS VALUES(500014,2,'E07',1,0);
INSERT INTO SEATS VALUES(500014,2,'E08',1,0);
INSERT INTO SEATS VALUES(500014,2,'E09',1,0);
INSERT INTO SEATS VALUES(500014,2,'E10',1,0);
INSERT INTO SEATS VALUES(500014,2,'E11',1,0);
INSERT INTO SEATS VALUES(500014,2,'E12',1,0);
INSERT INTO SEATS VALUES(500014,2,'E13',1,0);
INSERT INTO SEATS VALUES(500014,2,'E14',1,0);
INSERT INTO SEATS VALUES(500014,2,'E15',1,0);
INSERT INTO SEATS VALUES(500014,2,'E16',1,0);
INSERT INTO SEATS VALUES(500014,2,'E17',1,0);
INSERT INTO SEATS VALUES(500014,2,'E18',1,0);
INSERT INTO SEATS VALUES(500014,3,'P01',1,0);
INSERT INTO SEATS VALUES(500014,3,'P02',1,0);
INSERT INTO SEATS VALUES(500014,3,'P03',1,0);
INSERT INTO SEATS VALUES(500014,3,'P04',1,0);
INSERT INTO SEATS VALUES(500014,3,'P05',1,0);
INSERT INTO SEATS VALUES(500014,3,'P06',1,0);
INSERT INTO SEATS VALUES(500014,3,'P07',1,0);
INSERT INTO SEATS VALUES(500014,3,'P08',1,0);
INSERT INTO SEATS VALUES(500014,3,'P09',1,0);
INSERT INTO SEATS VALUES(500014,3,'P10',1,0);
INSERT INTO SEATS VALUES(500014,3,'P11',1,0);
INSERT INTO SEATS VALUES(500014,3,'P12',1,0);
INSERT INTO SEATS VALUES(500014,3,'P13',1,0);
INSERT INTO SEATS VALUES(500014,3,'P14',1,0);
INSERT INTO SEATS VALUES(500014,3,'P15',1,0);
INSERT INTO SEATS VALUES(500014,3,'P16',1,0);
INSERT INTO SEATS VALUES(500014,3,'P17',1,0);
INSERT INTO SEATS VALUES(500014,3,'P18',1,0);
INSERT INTO SEATS VALUES(500015,1,'B01',1,0);
INSERT INTO SEATS VALUES(500015,1,'B02',1,0);
INSERT INTO SEATS VALUES(500015,1,'B03',1,0);
INSERT INTO SEATS VALUES(500015,1,'B04',1,0);
INSERT INTO SEATS VALUES(500015,1,'B05',1,0);
INSERT INTO SEATS VALUES(500015,1,'B06',1,0);
INSERT INTO SEATS VALUES(500015,1,'B07',1,0);
INSERT INTO SEATS VALUES(500015,1,'B08',1,0);
INSERT INTO SEATS VALUES(500015,1,'B09',1,0);
INSERT INTO SEATS VALUES(500015,1,'B10',1,0);
INSERT INTO SEATS VALUES(500015,1,'B11',1,0);
INSERT INTO SEATS VALUES(500015,1,'B12',1,0);
INSERT INTO SEATS VALUES(500015,1,'B13',1,0);
INSERT INTO SEATS VALUES(500015,1,'B14',1,0);
INSERT INTO SEATS VALUES(500015,1,'B15',1,0);
INSERT INTO SEATS VALUES(500015,1,'B16',1,0);
INSERT INTO SEATS VALUES(500015,1,'B17',1,0);
INSERT INTO SEATS VALUES(500015,1,'B18',1,0);
INSERT INTO SEATS VALUES(500015,2,'E01',1,0);
INSERT INTO SEATS VALUES(500015,2,'E02',1,0);
INSERT INTO SEATS VALUES(500015,2,'E03',1,0);
INSERT INTO SEATS VALUES(500015,2,'E04',1,0);
INSERT INTO SEATS VALUES(500015,2,'E05',1,0);
INSERT INTO SEATS VALUES(500015,2,'E06',1,0);
INSERT INTO SEATS VALUES(500015,2,'E07',1,0);
INSERT INTO SEATS VALUES(500015,2,'E08',1,0);
INSERT INTO SEATS VALUES(500015,2,'E09',1,0);
INSERT INTO SEATS VALUES(500015,2,'E10',1,0);
INSERT INTO SEATS VALUES(500015,2,'E11',1,0);
INSERT INTO SEATS VALUES(500015,2,'E12',1,0);
INSERT INTO SEATS VALUES(500015,2,'E13',1,0);
INSERT INTO SEATS VALUES(500015,2,'E14',1,0);
INSERT INTO SEATS VALUES(500015,2,'E15',1,0);
INSERT INTO SEATS VALUES(500015,2,'E16',1,0);
INSERT INTO SEATS VALUES(500015,2,'E17',1,0);
INSERT INTO SEATS VALUES(500015,2,'E18',1,0);
INSERT INTO SEATS VALUES(500015,3,'P01',1,0);
INSERT INTO SEATS VALUES(500015,3,'P02',1,0);
INSERT INTO SEATS VALUES(500015,3,'P03',1,0);
INSERT INTO SEATS VALUES(500015,3,'P04',1,0);
INSERT INTO SEATS VALUES(500015,3,'P05',1,0);
INSERT INTO SEATS VALUES(500015,3,'P06',1,0);
INSERT INTO SEATS VALUES(500015,3,'P07',1,0);
INSERT INTO SEATS VALUES(500015,3,'P08',1,0);
INSERT INTO SEATS VALUES(500015,3,'P09',1,0);
INSERT INTO SEATS VALUES(500015,3,'P10',1,0);
INSERT INTO SEATS VALUES(500015,3,'P11',1,0);
INSERT INTO SEATS VALUES(500015,3,'P12',1,0);
INSERT INTO SEATS VALUES(500015,3,'P13',1,0);
INSERT INTO SEATS VALUES(500015,3,'P14',1,0);
INSERT INTO SEATS VALUES(500015,3,'P15',1,0);
INSERT INTO SEATS VALUES(500015,3,'P16',1,0);
INSERT INTO SEATS VALUES(500015,3,'P17',1,0);
INSERT INTO SEATS VALUES(500015,3,'P18',1,0);

INSERT INTO SEATS VALUES(500016,1,'B01',1,0);
INSERT INTO SEATS VALUES(500016,1,'B02',1,0);
INSERT INTO SEATS VALUES(500016,1,'B03',1,0);
INSERT INTO SEATS VALUES(500016,1,'B04',1,0);
INSERT INTO SEATS VALUES(500016,1,'B05',1,0);
INSERT INTO SEATS VALUES(500016,1,'B06',1,0);
INSERT INTO SEATS VALUES(500016,1,'B07',1,0);
INSERT INTO SEATS VALUES(500016,1,'B08',1,0);
INSERT INTO SEATS VALUES(500016,1,'B09',1,0);
INSERT INTO SEATS VALUES(500016,1,'B10',1,0);
INSERT INTO SEATS VALUES(500016,1,'B11',1,0);
INSERT INTO SEATS VALUES(500016,1,'B12',1,0);
INSERT INTO SEATS VALUES(500016,1,'B13',1,0);
INSERT INTO SEATS VALUES(500016,1,'B14',1,0);
INSERT INTO SEATS VALUES(500016,1,'B15',1,0);
INSERT INTO SEATS VALUES(500016,1,'B16',1,0);
INSERT INTO SEATS VALUES(500016,1,'B17',1,0);
INSERT INTO SEATS VALUES(500016,1,'B18',1,0);
INSERT INTO SEATS VALUES(500016,2,'E01',1,0);
INSERT INTO SEATS VALUES(500016,2,'E02',1,0);
INSERT INTO SEATS VALUES(500016,2,'E03',1,0);
INSERT INTO SEATS VALUES(500016,2,'E04',1,0);
INSERT INTO SEATS VALUES(500016,2,'E05',1,0);
INSERT INTO SEATS VALUES(500016,2,'E06',1,0);
INSERT INTO SEATS VALUES(500016,2,'E07',1,0);
INSERT INTO SEATS VALUES(500016,2,'E08',1,0);
INSERT INTO SEATS VALUES(500016,2,'E09',1,0);
INSERT INTO SEATS VALUES(500016,2,'E10',1,0);
INSERT INTO SEATS VALUES(500016,2,'E11',1,0);
INSERT INTO SEATS VALUES(500016,2,'E12',1,0);
INSERT INTO SEATS VALUES(500016,2,'E13',1,0);
INSERT INTO SEATS VALUES(500016,2,'E14',1,0);
INSERT INTO SEATS VALUES(500016,2,'E15',1,0);
INSERT INTO SEATS VALUES(500016,2,'E16',1,0);
INSERT INTO SEATS VALUES(500016,2,'E17',1,0);
INSERT INTO SEATS VALUES(500016,2,'E18',1,0);
INSERT INTO SEATS VALUES(500016,3,'P01',1,0);
INSERT INTO SEATS VALUES(500016,3,'P02',1,0);
INSERT INTO SEATS VALUES(500016,3,'P03',1,0);
INSERT INTO SEATS VALUES(500016,3,'P04',1,0);
INSERT INTO SEATS VALUES(500016,3,'P05',1,0);
INSERT INTO SEATS VALUES(500016,3,'P06',1,0);
INSERT INTO SEATS VALUES(500016,3,'P07',1,0);
INSERT INTO SEATS VALUES(500016,3,'P08',1,0);
INSERT INTO SEATS VALUES(500016,3,'P09',1,0);
INSERT INTO SEATS VALUES(500016,3,'P10',1,0);
INSERT INTO SEATS VALUES(500016,3,'P11',1,0);
INSERT INTO SEATS VALUES(500016,3,'P12',1,0);
INSERT INTO SEATS VALUES(500016,3,'P13',1,0);
INSERT INTO SEATS VALUES(500016,3,'P14',1,0);
INSERT INTO SEATS VALUES(500016,3,'P15',1,0);
INSERT INTO SEATS VALUES(500016,3,'P16',1,0);
INSERT INTO SEATS VALUES(500016,3,'P17',1,0);
INSERT INTO SEATS VALUES(500016,3,'P18',1,0);


